"","jp_id","jp_institution","jp_keywords","url","true_deadline"
"1",111455796,"FedEx Services ","Forecasting
Economics
Microeconomics
Econometric
Time-series
Statistics
Operations Research
UNIX
SAS
SQL
CPLEX","https://www.aeaweb.org/joe/listing.php?JOE_ID=2016-02_111455796",2016-08-31
"2",111455742,"MIT Sloan School of Management","Work and Organization Studies","https://www.aeaweb.org/joe/listing.php?JOE_ID=2016-02_111455742",2016-09-09
"3",111455797,"The Nature Conservancy","human well being
environment
conservation
strategy
economist
","https://www.aeaweb.org/joe/listing.php?JOE_ID=2016-02_111455797",2016-09-11
"4",111455698,"Arizona State University","Public Administration, Public Affairs, Public Policy, Economics, Political Science","https://www.aeaweb.org/joe/listing.php?JOE_ID=2016-02_111455698",2016-09-15
"5",111455784,"Georgetown University ","Economics
Political Science
Development","https://www.aeaweb.org/joe/listing.php?JOE_ID=2016-02_111455784",2016-09-15
"6",111455843,"National Institute on Aging, National Institutes of Health","Health Economics
aging","https://www.aeaweb.org/joe/listing.php?JOE_ID=2016-02_111455843",2016-09-23
"7",111455761,"Hampton Roads Planning District Commission","Regional Economics","https://www.aeaweb.org/joe/listing.php?JOE_ID=2016-02_111455761",2016-09-30
"8",111455666,"Pepperdine University","","https://www.aeaweb.org/joe/listing.php?JOE_ID=2016-02_111455666",2016-10-01
"9",111456154,"The Ohio State University College of Arts and Sciences","Innovation
Networks
Big data","https://www.aeaweb.org/joe/listing.php?JOE_ID=2016-02_111456154",2016-10-01
"10",111456156,"The Ohio State University College of Arts and Sciences","Behavioral economics
Experimental economics
Decision sciences","https://www.aeaweb.org/joe/listing.php?JOE_ID=2016-02_111456156",2016-10-01
"11",111456152,"The Ohio State University College of Arts and Sciences","Empirical IO
Market analyses
Estimation of demand systems","https://www.aeaweb.org/joe/listing.php?JOE_ID=2016-02_111456152",2016-10-01
"12",111456153,"The Ohio State University College of Arts and Sciences","Applied microeconomics
Race, ethnicity and gender
","https://www.aeaweb.org/joe/listing.php?JOE_ID=2016-02_111456153",2016-10-01
"13",111456024,"University of Southern California","Labor Economics
Public Finance
International Trade
Economic History
Medical Economics","https://www.aeaweb.org/joe/listing.php?JOE_ID=2016-02_111456024",2016-10-01
"14",111455774,"University of Washington","","https://www.aeaweb.org/joe/listing.php?JOE_ID=2016-02_111455774",2016-10-01
"15",111455810,"University of California, Berkeley","Legal","https://www.aeaweb.org/joe/listing.php?JOE_ID=2016-02_111455810",2016-10-02
"16",111455705,"Harvard Business School","manufacturing
service 
digital operations
digital analytics
new product development
economics of technological innovation
supply chain management
logistics
economics of information technology","https://www.aeaweb.org/joe/listing.php?JOE_ID=2016-02_111455705",2016-10-07
"17",111456645,"University of Hawaii at Manoa","Applied microeconomics","https://www.aeaweb.org/joe/listing.php?JOE_ID=2016-02_111456645",2016-10-12
"18",111456345,"Inter-American Development Bank","","https://www.aeaweb.org/joe/listing.php?JOE_ID=2016-02_111456345",2016-10-14
"19",111455882,"California Institute of Technology","Economics","https://www.aeaweb.org/joe/listing.php?JOE_ID=2016-02_111455882",2016-10-15
"20",111455955,"Denison University","Data Analytics
Business Analytics
Data Science","https://www.aeaweb.org/joe/listing.php?JOE_ID=2016-02_111455955",2016-10-15
"21",111455927,"Gustavus Adolphus College","Econometrics
Financial Economics
Macroeconomics","https://www.aeaweb.org/joe/listing.php?JOE_ID=2016-02_111455927",2016-10-15
"22",111455807,"Harvard University","Political Economy
","https://www.aeaweb.org/joe/listing.php?JOE_ID=2016-02_111455807",2016-10-15
"23",111455822,"University of Washington - Seattle","China economist","https://www.aeaweb.org/joe/listing.php?JOE_ID=2016-02_111455822",2016-10-15
"24",111455895,"The University of Alabama","Department Head","https://www.aeaweb.org/joe/listing.php?JOE_ID=2016-02_111455895",2016-10-16
"25",111456076,"Coalition for a Prosperous America Education Fund","trade policy
international economics
tax policy
macroeconomics
industrial policy","https://www.aeaweb.org/joe/listing.php?JOE_ID=2016-02_111456076",2016-10-17
"26",111456666,"Indiana University-Purdue University at Indianapolis","public policy
environmental economics
urban economics","https://www.aeaweb.org/joe/listing.php?JOE_ID=2016-02_111456666",2016-10-17
"27",111455905,"University of California, Berkeley","public policy","https://www.aeaweb.org/joe/listing.php?JOE_ID=2016-02_111455905",2016-10-17
"28",111456070,"Christopher Newport University","","https://www.aeaweb.org/joe/listing.php?JOE_ID=2016-02_111456070",2016-10-20
"29",111456044,"Arizona State University ","Political Economy
Political Science
Economics","https://www.aeaweb.org/joe/listing.php?JOE_ID=2016-02_111456044",2016-10-24
"30",111456003,"University of Northern Iowa","Department Head
Economics
Finance
Data Analytics","https://www.aeaweb.org/joe/listing.php?JOE_ID=2016-02_111456003",2016-10-25
"31",111456162,"City of Longmont","Community Engagement
Analytics
Community
Development
Research
Social Work
Social Administration
Criminal Justice","https://www.aeaweb.org/joe/listing.php?JOE_ID=2016-02_111456162",2016-10-28
"32",111455749,"Harvard Business School","entrepreneurial leadership and organization
emerging industries and technologies
innovation
financing ventures and growth","https://www.aeaweb.org/joe/listing.php?JOE_ID=2016-02_111455749",2016-10-30
"33",111455815,"Brigham Young University","","https://www.aeaweb.org/joe/listing.php?JOE_ID=2016-02_111455815",2016-10-31
"34",111455691,"Georgia Institute of Technology","","https://www.aeaweb.org/joe/listing.php?JOE_ID=2016-02_111455691",2016-10-31
"35",111456146,"Missouri State University","Macroeconomics
Econometrics
Money and Banking","https://www.aeaweb.org/joe/listing.php?JOE_ID=2016-02_111456146",2016-10-31
"36",111456127,"Oxford College of Emory University","Financial economics
Development economics
Health economics
Public policy
Behavioral economics","https://www.aeaweb.org/joe/listing.php?JOE_ID=2016-02_111456127",2016-10-31
"37",111456326,"Saint Mary's College of California","","https://www.aeaweb.org/joe/listing.php?JOE_ID=2016-02_111456326",2016-10-31
"38",111456327,"Saint Mary's College of California","","https://www.aeaweb.org/joe/listing.php?JOE_ID=2016-02_111456327",2016-10-31
"39",111456031,"University of Michigan","Project Director
Research Scientist
Minority Data
University
faculty appointment","https://www.aeaweb.org/joe/listing.php?JOE_ID=2016-02_111456031",2016-10-31
"40",111455909,"American Association for the Advancement of Science","fellowship
science
policy
postdoc
government
federal agency
congress
faculty
mid-career","https://www.aeaweb.org/joe/listing.php?JOE_ID=2016-02_111455909",2016-11-01
"41",111455554,"American Council of Life Insurers","","https://www.aeaweb.org/joe/listing.php?JOE_ID=2016-02_111455554",2016-11-01
"42",111456620,"American Enterprise Institute","","https://www.aeaweb.org/joe/listing.php?JOE_ID=2016-02_111456620",2016-11-01
"43",111456377,"American University","","https://www.aeaweb.org/joe/listing.php?JOE_ID=2016-02_111456377",2016-11-01
"44",111455811,"American University","Public Policy
Sociology
Political Science
community resiliency
environmental disasters
public health problems
infrastructure inadequacies
social vulnerabilities
economic vulnerabilities
race
ethnicity
gender
social class
environmental
metropolitan
policy
urban","https://www.aeaweb.org/joe/listing.php?JOE_ID=2016-02_111455811",2016-11-01
"45",111455813,"APPRISE","Policy
Non-profit
Research
Utilities
Energy","https://www.aeaweb.org/joe/listing.php?JOE_ID=2016-02_111455813",2016-11-01
"46",111455884,"Avar Consulting, Inc.","Economics
Statistical Analysis
Government data sources
SPSS
STATA","https://www.aeaweb.org/joe/listing.php?JOE_ID=2016-02_111455884",2016-11-01
"47",111455835,"Ball State University","","https://www.aeaweb.org/joe/listing.php?JOE_ID=2016-02_111455835",2016-11-01
"48",111456738,"Bank of Canada","macroeconomics and monetary economics 
banking and payment systems	
international economics 
global commodity markets 
financial economics 
financial markets and institutions 
labour and demographic economics 
mathematical and quantitative methods 
industrial organization 
law and economics ","https://www.aeaweb.org/joe/listing.php?JOE_ID=2016-02_111456738",2016-11-01
"49",111456118,"California Polytechnic State University","","https://www.aeaweb.org/joe/listing.php?JOE_ID=2016-02_111456118",2016-11-01
"50",111455850,"California State University, Fresno","Real Estate","https://www.aeaweb.org/joe/listing.php?JOE_ID=2016-02_111455850",2016-11-01
"51",111456761,"Central College","","https://www.aeaweb.org/joe/listing.php?JOE_ID=2016-02_111456761",2016-11-01
"52",111455859,"Citi","Global CCAR Econometric Indicator ","https://www.aeaweb.org/joe/listing.php?JOE_ID=2016-02_111455859",2016-11-01
"53",111455860,"Citi","Global Senior CCAR Econometric Indicator ","https://www.aeaweb.org/joe/listing.php?JOE_ID=2016-02_111455860",2016-11-01
"54",111456392,"Congressional Budget Office","health economists, health economics, macroeconomics, modeling, national security, analysis, policy, tax, energy, environment, labor, microsimulation, transportation and infrastructure, market structure and competition in regulated industries, and international trade.","https://www.aeaweb.org/joe/listing.php?JOE_ID=2016-02_111456392",2016-11-01
"55",111456523,"Creighton University","","https://www.aeaweb.org/joe/listing.php?JOE_ID=2016-02_111456523",2016-11-01
"56",111456432,"Darden School of Business","Quantitative Analysis","https://www.aeaweb.org/joe/listing.php?JOE_ID=2016-02_111456432",2016-11-01
"57",111455809,"Environmental Protection Agency","Environmental Economics
Microeconomics and Econometric Modeling 
Agricultural and Natural Resource Economics 
Behavioral Economics","https://www.aeaweb.org/joe/listing.php?JOE_ID=2016-02_111455809",2016-11-01
"58",111455693,"EY","Statistics
Analytics
R","https://www.aeaweb.org/joe/listing.php?JOE_ID=2016-02_111455693",2016-11-01
"59",111455780,"Federal Reserve Bank of Chicago","Banking 
Wholesale Credit 
Risk Management","https://www.aeaweb.org/joe/listing.php?JOE_ID=2016-02_111455780",2016-11-01
"60",111456317,"Florida Atlantic University","Entrepreneurship or Related Field
General Economics and Teaching","https://www.aeaweb.org/joe/listing.php?JOE_ID=2016-02_111456317",2016-11-01
"61",111455733,"Freddie Mac","","https://www.aeaweb.org/joe/listing.php?JOE_ID=2016-02_111455733",2016-11-01
"62",111456830,"George Washington University","Public Budgeting","https://www.aeaweb.org/joe/listing.php?JOE_ID=2016-02_111456830",2016-11-01
"63",111456498,"Georgia State University","","https://www.aeaweb.org/joe/listing.php?JOE_ID=2016-02_111456498",2016-11-01
"64",111456727,"Gordon College","International Economics","https://www.aeaweb.org/joe/listing.php?JOE_ID=2016-02_111456727",2016-11-01
"65",111456539,"Governors State University","","https://www.aeaweb.org/joe/listing.php?JOE_ID=2016-02_111456539",2016-11-01
"66",111456624,"Grand Valley State University","Applied Macroeconomics/Monetary
Applied Microeconomics
Industrial Organization
Business Economics","https://www.aeaweb.org/joe/listing.php?JOE_ID=2016-02_111456624",2016-11-01
"67",111456144,"Groupon","","https://www.aeaweb.org/joe/listing.php?JOE_ID=2016-02_111456144",2016-11-01
"68",111455881,"IHS","Computable General Equilibrium
Time series econometrics
Macroeconomics","https://www.aeaweb.org/joe/listing.php?JOE_ID=2016-02_111455881",2016-11-01
"69",111456269,"Johns Hopkins Bloomberg School of Public Health","Public Health","https://www.aeaweb.org/joe/listing.php?JOE_ID=2016-02_111456269",2016-11-01
"70",111456040,"Manchester University","","https://www.aeaweb.org/joe/listing.php?JOE_ID=2016-02_111456040",2016-11-01
"71",111455709,"Massachusetts Institute of Technology, Sloan School of Management","","https://www.aeaweb.org/joe/listing.php?JOE_ID=2016-02_111455709",2016-11-01
"72",111456476,"Miami University","","https://www.aeaweb.org/joe/listing.php?JOE_ID=2016-02_111456476",2016-11-01
"73",111456247,"Montana State University","","https://www.aeaweb.org/joe/listing.php?JOE_ID=2016-02_111456247",2016-11-01
"74",111456035,"Northwestern University","","https://www.aeaweb.org/joe/listing.php?JOE_ID=2016-02_111456035",2016-11-01
"75",111456549,"Office of Financial Research","","https://www.aeaweb.org/joe/listing.php?JOE_ID=2016-02_111456549",2016-11-01
"76",111456021,"Old Dominion University","Urban and Regional Economics 
Labor Economics
Forecasting
","https://www.aeaweb.org/joe/listing.php?JOE_ID=2016-02_111456021",2016-11-01
"77",111455814,"Providence College","Economics
Microeconomics
Macroeconomics","https://www.aeaweb.org/joe/listing.php?JOE_ID=2016-02_111455814",2016-11-01
"78",111456566,"Purdue University","Econometrics
Microeconomics
Macroeconomics
Industrial organization","https://www.aeaweb.org/joe/listing.php?JOE_ID=2016-02_111456566",2016-11-01
"79",111455871,"Rice University","Data science
Health economics
Urban analytics
Health and medicine","https://www.aeaweb.org/joe/listing.php?JOE_ID=2016-02_111455871",2016-11-01
"80",111456241,"Ripon College","","https://www.aeaweb.org/joe/listing.php?JOE_ID=2016-02_111456241",2016-11-01
"81",111456436,"Rollins College","Economics","https://www.aeaweb.org/joe/listing.php?JOE_ID=2016-02_111456436",2016-11-01
"82",111455717,"Sarah Lawrence College","Sustainable Development, Ecological Economics, Current Heterodox Approaches, Eonometrics, History of Economic Thought, Microeconomics","https://www.aeaweb.org/joe/listing.php?JOE_ID=2016-02_111455717",2016-11-01
"83",111456245,"Stony Brook University","","https://www.aeaweb.org/joe/listing.php?JOE_ID=2016-02_111456245",2016-11-01
"84",111456137,"Sweet Briar College","microeconomics
macroeconomics","https://www.aeaweb.org/joe/listing.php?JOE_ID=2016-02_111456137",2016-11-01
"85",111455764,"The Pennsylvania State University","Economics","https://www.aeaweb.org/joe/listing.php?JOE_ID=2016-02_111455764",2016-11-01
"86",111456055,"The University of Alabama","Actuarial Sciences","https://www.aeaweb.org/joe/listing.php?JOE_ID=2016-02_111456055",2016-11-01
"87",111456771,"The University of Tennessee, Knoxville","","https://www.aeaweb.org/joe/listing.php?JOE_ID=2016-02_111456771",2016-11-01
"88",111456293,"U.S. Census Bureau","Industrial Organization;
Labor Economics;
International Trade;
Environmental Economics;
Public Economics;
Regional and Urban Economics;
Health Economics;
Economics of Household, Education, and Migration;
Big Data;","https://www.aeaweb.org/joe/listing.php?JOE_ID=2016-02_111456293",2016-11-01
"89",111456707,"U.S. Naval Academy","Microeconomics
Macroeconomics
Statistics/Econometrics
","https://www.aeaweb.org/joe/listing.php?JOE_ID=2016-02_111456707",2016-11-01
"90",111456273,"United States Military Academy","Microeconomics
Financial Economics
Public Economics
Health Economics
Economics of Education
Labor Economics
Industrial Organization
Economics of Growth
Development Economics","https://www.aeaweb.org/joe/listing.php?JOE_ID=2016-02_111456273",2016-11-01
"91",111455980,"University at Albany, SUNY","Econometrics","https://www.aeaweb.org/joe/listing.php?JOE_ID=2016-02_111455980",2016-11-01
"92",111455981,"University at Albany, SUNY","Financial Economics, Financial Econometrics","https://www.aeaweb.org/joe/listing.php?JOE_ID=2016-02_111455981",2016-11-01
"93",111456120,"University of California San Diego","","https://www.aeaweb.org/joe/listing.php?JOE_ID=2016-02_111456120",2016-11-01
"94",111456320,"University of California, Merced","empirical
experimental
theoretical","https://www.aeaweb.org/joe/listing.php?JOE_ID=2016-02_111456320",2016-11-01
"95",111455970,"University of California, San Diego","accounting","https://www.aeaweb.org/joe/listing.php?JOE_ID=2016-02_111455970",2016-11-01
"96",111456355,"University of California, San Diego","Finance","https://www.aeaweb.org/joe/listing.php?JOE_ID=2016-02_111456355",2016-11-01
"97",111456356,"University of California, San Diego","Finance","https://www.aeaweb.org/joe/listing.php?JOE_ID=2016-02_111456356",2016-11-01
"98",111456079,"University of Chicago","","https://www.aeaweb.org/joe/listing.php?JOE_ID=2016-02_111456079",2016-11-01
"99",111456136,"University of Cincinnati ","Economics
Microeconomics
Macroeconomics
Higher Education
University","https://www.aeaweb.org/joe/listing.php?JOE_ID=2016-02_111456136",2016-11-01
"100",111455969,"University of Colorado Colorado Springs","finance, assistant professor, instructor, tenure-track, tenure track, colorado","https://www.aeaweb.org/joe/listing.php?JOE_ID=2016-02_111455969",2016-11-01
"101",111455904,"University of Evansville","","https://www.aeaweb.org/joe/listing.php?JOE_ID=2016-02_111455904",2016-11-01
"102",111456712,"University of Hartford","Applied microeconomics, Managerial Economics, Statistics, and Business Analytics","https://www.aeaweb.org/joe/listing.php?JOE_ID=2016-02_111456712",2016-11-01
"103",111456234,"University of Michigan","Early Career Open Field Assistant Professor","https://www.aeaweb.org/joe/listing.php?JOE_ID=2016-02_111456234",2016-11-01
"104",111456496,"University of Michigan","","https://www.aeaweb.org/joe/listing.php?JOE_ID=2016-02_111456496",2016-11-01
"105",111456468,"University of Minnesota, Morris","Labor Economics
History of Economic Thought
Feminist/Gender Economics
Comparative Economic Systems
Small liberal arts
Minnesota","https://www.aeaweb.org/joe/listing.php?JOE_ID=2016-02_111456468",2016-11-01
"106",111456231,"University of North Carolina at Greensboro","","https://www.aeaweb.org/joe/listing.php?JOE_ID=2016-02_111456231",2016-11-01
"107",111455789,"University of Pennsylvania ","","https://www.aeaweb.org/joe/listing.php?JOE_ID=2016-02_111455789",2016-11-01
"108",111455995,"University of Pennsylvania","","https://www.aeaweb.org/joe/listing.php?JOE_ID=2016-02_111455995",2016-11-01
"109",111456238,"University of Redlands","Economics","https://www.aeaweb.org/joe/listing.php?JOE_ID=2016-02_111456238",2016-11-01
"110",111455892,"University of San Francisco","Econometrics","https://www.aeaweb.org/joe/listing.php?JOE_ID=2016-02_111455892",2016-11-01
"111",111456023,"University of Southern California","","https://www.aeaweb.org/joe/listing.php?JOE_ID=2016-02_111456023",2016-11-01
"112",111456243,"University of Utah","","https://www.aeaweb.org/joe/listing.php?JOE_ID=2016-02_111456243",2016-11-01
"113",111455444,"University of Virginia--Darden School of Business","International Economics
International Macroeconomics
International Trade
International Finance
Growth
Development","https://www.aeaweb.org/joe/listing.php?JOE_ID=2016-02_111455444",2016-11-01
"114",111456623,"Washington Center for Equitable Growth","Public finance, taxation, industrial organization, macroeconomics, racial and gender inequality","https://www.aeaweb.org/joe/listing.php?JOE_ID=2016-02_111456623",2016-11-01
"115",111456121,"West Chester University of Pennsylvania","Economic History
History of Economic Thought
Law and Economics
Political Economy
Public Policy","https://www.aeaweb.org/joe/listing.php?JOE_ID=2016-02_111456121",2016-11-01
"116",111456097,"West Virginia University","Macroeconomics, Development Economics, Public Economics, Urban/Regional Economics, Health Economics","https://www.aeaweb.org/joe/listing.php?JOE_ID=2016-02_111456097",2016-11-01
"117",111456749,"Western Illinois University","Microeconomics
Game Theory
Labor Economics
Applied Statistics","https://www.aeaweb.org/joe/listing.php?JOE_ID=2016-02_111456749",2016-11-01
"118",111456099,"Wheaton College (IL)","economics, microeconomics, macroeconomics","https://www.aeaweb.org/joe/listing.php?JOE_ID=2016-02_111456099",2016-11-01
"119",111455831,"Harvard Business School","Harvard Business School
HBS
Strategy
Industrial Organization
International
Innovation","https://www.aeaweb.org/joe/listing.php?JOE_ID=2016-02_111455831",2016-11-04
"120",111456307,"Arizona State University","","https://www.aeaweb.org/joe/listing.php?JOE_ID=2016-02_111456307",2016-11-07
"121",111456150,"Colby College","corporate finance, behavioral economics","https://www.aeaweb.org/joe/listing.php?JOE_ID=2016-02_111456150",2016-11-07
"122",111456053,"Texas Tech University","Free Market Economics, Austrian Economics, Public Choice Theory, New Institutional Economics, Comparative Institutional Analysis, Political Economy","https://www.aeaweb.org/joe/listing.php?JOE_ID=2016-02_111456053",2016-11-07
"123",111456159,"University of Massachusetts Amherst","Applied microeconomics
Applied econometrics
Industrial organization
Managerial economics
","https://www.aeaweb.org/joe/listing.php?JOE_ID=2016-02_111456159",2016-11-07
"124",111456665,"University of Michigan","literature
science
art
humanities
social
social science
technology
engineering
political science
economics
math
diversity
research","https://www.aeaweb.org/joe/listing.php?JOE_ID=2016-02_111456665",2016-11-07
"125",111456235,"University of Michigan","Any field","https://www.aeaweb.org/joe/listing.php?JOE_ID=2016-02_111456235",2016-11-10
"126",111456349,"Moody's Analytics","","https://www.aeaweb.org/joe/listing.php?JOE_ID=2016-02_111456349",2016-11-11
"127",111455757,"Bowling Green State University","Regional Economics
Macroeconomics 
Banking 
Regional Development","https://www.aeaweb.org/joe/listing.php?JOE_ID=2016-02_111455757",2016-11-13
"128",111456012,"Emory University ","Causal inference
Bayesian statistics
Machine learning","https://www.aeaweb.org/joe/listing.php?JOE_ID=2016-02_111456012",2016-11-14
"129",111455836,"Queen's University","Economics","https://www.aeaweb.org/joe/listing.php?JOE_ID=2016-02_111455836",2016-11-14
"130",111456323,"University of North Carolina at Chapel Hill","Economics","https://www.aeaweb.org/joe/listing.php?JOE_ID=2016-02_111456323",2016-11-14
"131",111455921,"Bates College","Macroeconomic focus
Microeconomic Focus","https://www.aeaweb.org/joe/listing.php?JOE_ID=2016-02_111455921",2016-11-15
"132",111456644,"Boston University","Human Development","https://www.aeaweb.org/joe/listing.php?JOE_ID=2016-02_111456644",2016-11-15
"133",111456386,"California State University, Sacramento","Health Economics
Behavioral Economics","https://www.aeaweb.org/joe/listing.php?JOE_ID=2016-02_111456386",2016-11-15
"134",111456437,"California State University, Sacramento","Public Economics
General Regional Economics","https://www.aeaweb.org/joe/listing.php?JOE_ID=2016-02_111456437",2016-11-15
"135",111456147,"Carnegie Mellon University","","https://www.aeaweb.org/joe/listing.php?JOE_ID=2016-02_111456147",2016-11-15
"136",111455890,"Centre College","Any field","https://www.aeaweb.org/joe/listing.php?JOE_ID=2016-02_111455890",2016-11-15
"137",111456513,"Colgate University","","https://www.aeaweb.org/joe/listing.php?JOE_ID=2016-02_111456513",2016-11-15
"138",111456472,"Denison University","","https://www.aeaweb.org/joe/listing.php?JOE_ID=2016-02_111456472",2016-11-15
"139",111455898,"Furman University","Any Field
Open Rank","https://www.aeaweb.org/joe/listing.php?JOE_ID=2016-02_111455898",2016-11-15
"140",111455886,"Harvard Business School","","https://www.aeaweb.org/joe/listing.php?JOE_ID=2016-02_111455886",2016-11-15
"141",111456396,"Integra FEC","Healthcare Economics
Insurance
Structured Finance
Credit Ratings
Forensic Finance
Financial Economics
Empirical
Econometrics","https://www.aeaweb.org/joe/listing.php?JOE_ID=2016-02_111456396",2016-11-15
"142",111455735,"Massachusetts Institute Technology","Applied Economics","https://www.aeaweb.org/joe/listing.php?JOE_ID=2016-02_111455735",2016-11-15
"143",111455824,"McGill University","","https://www.aeaweb.org/joe/listing.php?JOE_ID=2016-02_111455824",2016-11-15
"144",111456164,"Middlebury College","Any Field","https://www.aeaweb.org/joe/listing.php?JOE_ID=2016-02_111456164",2016-11-15
"145",111455953,"New College of Florida","Statistics
Data Science","https://www.aeaweb.org/joe/listing.php?JOE_ID=2016-02_111455953",2016-11-15
"146",111455863,"Northwestern University","","https://www.aeaweb.org/joe/listing.php?JOE_ID=2016-02_111455863",2016-11-15
"147",111456246,"RAND Corporation","applied microeconomists, applied microeconomics, economics, health, health policy, labor, aging, economic development, education, environment, civil and criminal justice, defense","https://www.aeaweb.org/joe/listing.php?JOE_ID=2016-02_111456246",2016-11-15
"148",111455790,"Southern Methodist University","Econometrics
Labor
Development
","https://www.aeaweb.org/joe/listing.php?JOE_ID=2016-02_111455790",2016-11-15
"149",111456290,"The University of Alabama","","https://www.aeaweb.org/joe/listing.php?JOE_ID=2016-02_111456290",2016-11-15
"150",111456068,"The World Bank","Microeconomics
Macroeconomics and Monetary Economics
International Economics
Financial Economics
Public Economics
Health Education and Welfare
Economic Development
Technical Change and Growth
Agriculture, Natural Resource, and Environmental Economics
Urban, Rural, Regional, Real Estate, and Transportation Economics","https://www.aeaweb.org/joe/listing.php?JOE_ID=2016-02_111456068",2016-11-15
"151",111456397,"University of Alberta","","https://www.aeaweb.org/joe/listing.php?JOE_ID=2016-02_111456397",2016-11-15
"152",111455894,"University of Arizona","Econometrics","https://www.aeaweb.org/joe/listing.php?JOE_ID=2016-02_111455894",2016-11-15
"153",111456301,"University of British Columbia","Public Economics
Economic History
Labour Economics
Behavioral Economics
Experimental Economics
Vancouver School of Economics
Vancouver","https://www.aeaweb.org/joe/listing.php?JOE_ID=2016-02_111456301",2016-11-15
"154",111456538,"University of California Merced","Applied Microeconomics
Microeconomic Theory
Econometrics","https://www.aeaweb.org/joe/listing.php?JOE_ID=2016-02_111456538",2016-11-15
"155",111455851,"University of California, Riverside","Econometrics","https://www.aeaweb.org/joe/listing.php?JOE_ID=2016-02_111455851",2016-11-15
"156",111456632,"University of Chicago","Labor and Public Economics","https://www.aeaweb.org/joe/listing.php?JOE_ID=2016-02_111456632",2016-11-15
"157",111456200,"University of Connecticut","Quantitative Methods
Econometrics
Big Data Analytics
","https://www.aeaweb.org/joe/listing.php?JOE_ID=2016-02_111456200",2016-11-15
"158",111456258,"University of Connecticut","Agribusiness, Food Marketing, Agricultural Economics, Food, Energy","https://www.aeaweb.org/joe/listing.php?JOE_ID=2016-02_111456258",2016-11-15
"159",111456116,"University of North Carolina Asheville","Behavioral Economics
Economic History
Finance
Econometrics
Liberal Arts","https://www.aeaweb.org/joe/listing.php?JOE_ID=2016-02_111456116",2016-11-15
"160",111455864,"University of Oregon","Environmental Economics
International Economics
All field","https://www.aeaweb.org/joe/listing.php?JOE_ID=2016-02_111455864",2016-11-15
"161",111455719,"University of Pittsburgh","","https://www.aeaweb.org/joe/listing.php?JOE_ID=2016-02_111455719",2016-11-15
"162",111455720,"University of Pittsburgh","","https://www.aeaweb.org/joe/listing.php?JOE_ID=2016-02_111455720",2016-11-15
"163",111456379,"University of Puget Sound","","https://www.aeaweb.org/joe/listing.php?JOE_ID=2016-02_111456379",2016-11-15
"164",111455875,"University of Washington","Empirical Microeconomics","https://www.aeaweb.org/joe/listing.php?JOE_ID=2016-02_111455875",2016-11-15
"165",111455792,"Washington University in St. Louis","Any Field","https://www.aeaweb.org/joe/listing.php?JOE_ID=2016-02_111455792",2016-11-15
"166",111455968,"Whitman College ","Applied Microeconomics","https://www.aeaweb.org/joe/listing.php?JOE_ID=2016-02_111455968",2016-11-15
"167",111455879,"Yale University","Yale College and the Graduate School of Arts and Sciences, Economics, Assistant, Associate, and Full Professor","https://www.aeaweb.org/joe/listing.php?JOE_ID=2016-02_111455879",2016-11-15
"168",111456440,"Fordham University","Economic Development 
Urban Development
Urban Economics
","https://www.aeaweb.org/joe/listing.php?JOE_ID=2016-02_111456440",2016-11-16
"169",111456499,"Abdul Latif Jameel Poverty Action Lab (J-PAL) at the Massachusetts Institute of Technology (MIT)","research
education","https://www.aeaweb.org/joe/listing.php?JOE_ID=2016-02_111456499",2016-11-18
"170",111456638,"Appalachian State University","Environmental Economics
Experimental Economics 
","https://www.aeaweb.org/joe/listing.php?JOE_ID=2016-02_111456638",2016-11-18
"171",111455755,"Compass Lexecon","Economic Consulting","https://www.aeaweb.org/joe/listing.php?JOE_ID=2016-02_111455755",2016-11-18
"172",111456546,"Elon University","Consulting Economics
","https://www.aeaweb.org/joe/listing.php?JOE_ID=2016-02_111456546",2016-11-18
"173",111456324,"Grinnell College","","https://www.aeaweb.org/joe/listing.php?JOE_ID=2016-02_111456324",2016-11-18
"174",111456724,"Mount Holyoke College","Environmental Economics
Econometrics","https://www.aeaweb.org/joe/listing.php?JOE_ID=2016-02_111456724",2016-11-18
"175",111456129,"Northwestern University","","https://www.aeaweb.org/joe/listing.php?JOE_ID=2016-02_111456129",2016-11-18
"176",111455704,"Smith College","East Asia
China","https://www.aeaweb.org/joe/listing.php?JOE_ID=2016-02_111455704",2016-11-18
"177",111455936,"The University of Chicago","Finance","https://www.aeaweb.org/joe/listing.php?JOE_ID=2016-02_111455936",2016-11-18
"178",111455910,"The University of Chicago","Microeconomics/Strategy ","https://www.aeaweb.org/joe/listing.php?JOE_ID=2016-02_111455910",2016-11-18
"179",111456372,"The University of Chicago Booth School of Business","","https://www.aeaweb.org/joe/listing.php?JOE_ID=2016-02_111456372",2016-11-18
"180",111456609,"University of Portland","Industrial Organization
Macroeconomics","https://www.aeaweb.org/joe/listing.php?JOE_ID=2016-02_111456609",2016-11-18
"181",111456637,"Wabash College","International Trade","https://www.aeaweb.org/joe/listing.php?JOE_ID=2016-02_111456637",2016-11-18
"182",111456058,"Weber State University","","https://www.aeaweb.org/joe/listing.php?JOE_ID=2016-02_111456058",2016-11-18
"183",111455852,"Williams College","Macroeconomics
Monetary Economics","https://www.aeaweb.org/joe/listing.php?JOE_ID=2016-02_111455852",2016-11-18
"184",111455839,"Harvard Business School","","https://www.aeaweb.org/joe/listing.php?JOE_ID=2016-02_111455839",2016-11-20
"185",111456544,"Stetson University","Health Economics
Development Economics","https://www.aeaweb.org/joe/listing.php?JOE_ID=2016-02_111456544",2016-11-20
"186",111456774,"UC San Diego ","Political Economy
Economics
Political Science 

","https://www.aeaweb.org/joe/listing.php?JOE_ID=2016-02_111456774",2016-11-20
"187",111456062,"Universidad Carlos III de Madrid","","https://www.aeaweb.org/joe/listing.php?JOE_ID=2016-02_111456062",2016-11-20
"188",111456626,"University of Delaware","","https://www.aeaweb.org/joe/listing.php?JOE_ID=2016-02_111456626",2016-11-20
"189",111456731,"University of Michigan-Dearborn","","https://www.aeaweb.org/joe/listing.php?JOE_ID=2016-02_111456731",2016-11-20
"190",111455743,"University of Rochester Simon Business School","Organizational economics, industrial organization, business strategy, entrepreneurship, healthcare","https://www.aeaweb.org/joe/listing.php?JOE_ID=2016-02_111455743",2016-11-20
"191",111455800,"College of the Holy Cross","Any Field","https://www.aeaweb.org/joe/listing.php?JOE_ID=2016-02_111455800",2016-11-21
"192",111456261,"Hamilton College","Behavioral Economics","https://www.aeaweb.org/joe/listing.php?JOE_ID=2016-02_111456261",2016-11-21
"193",111456574,"Xavier University","Economics, Assistant Professor, Associate Professor","https://www.aeaweb.org/joe/listing.php?JOE_ID=2016-02_111456574",2016-11-21
"194",111456627,"Columbia University","economics
columbia
assistant
professor","https://www.aeaweb.org/joe/listing.php?JOE_ID=2016-02_111456627",2016-11-22
"195",111456209,"Abt Associates","","https://www.aeaweb.org/joe/listing.php?JOE_ID=2016-02_111456209",2016-11-23
"196",111456289,"Abt Associates","Health Economics
Behavioral Health
Health Policy
Medicare
Medicaid
Mental Health","https://www.aeaweb.org/joe/listing.php?JOE_ID=2016-02_111456289",2016-11-23
"197",111456182,"Banco de México","Macroeconomics and Monetary Economics, International Economics and Finance, Financial Economics, Public Economics, Industrial Organization, Law and Economics, Labor Economics, Econometrics, Mathematical and Quantitative Methods, Microeconomics","https://www.aeaweb.org/joe/listing.php?JOE_ID=2016-02_111456182",2016-11-23
"198",111455943,"Bates White Economic Consulting","Industrial Organization
Econometrics
Applied Micro
Health Economics
Financial Economics
Labor Economics","https://www.aeaweb.org/joe/listing.php?JOE_ID=2016-02_111455943",2016-11-23
"199",111455762,"Massachusetts Institute of Technology","Assistant professor
professor
tenure track
economics
any field
massachusetts institute
technology
academia","https://www.aeaweb.org/joe/listing.php?JOE_ID=2016-02_111455762",2016-11-23
"200",111455902,"Massachusetts Institute of Technology","energy
economics
tenure track
assistant 
professor
Massachusetts institute
environmental","https://www.aeaweb.org/joe/listing.php?JOE_ID=2016-02_111455902",2016-11-23
"201",111456489,"IESE Business School","Any field","https://www.aeaweb.org/joe/listing.php?JOE_ID=2016-02_111456489",2016-11-24
"202",111455975,"Syracuse University","","https://www.aeaweb.org/joe/listing.php?JOE_ID=2016-02_111455975",2016-11-24
"203",111456479,"University of Wisconsin - Madison","Economics - all fields","https://www.aeaweb.org/joe/listing.php?JOE_ID=2016-02_111456479",2016-11-24
"204",111456192,"Austin College","International Economics
General Economics and Teaching
International Finance
International Trade
International Business Administration","https://www.aeaweb.org/joe/listing.php?JOE_ID=2016-02_111456192",2016-11-25
"205",111456030,"U.S. Department of the Treasury","","https://www.aeaweb.org/joe/listing.php?JOE_ID=2016-02_111456030",2016-11-25
"206",111456395,"HEC Montreal","Applied Theory","https://www.aeaweb.org/joe/listing.php?JOE_ID=2016-02_111456395",2016-11-27
"207",111456404,"HEC Montreal","Any Field","https://www.aeaweb.org/joe/listing.php?JOE_ID=2016-02_111456404",2016-11-27
"208",111456676,"Middle Tennessee State University","Applied Microeconomics","https://www.aeaweb.org/joe/listing.php?JOE_ID=2016-02_111456676",2016-11-27
"209",111455945,"University of California, Davis","","https://www.aeaweb.org/joe/listing.php?JOE_ID=2016-02_111455945",2016-11-27
"210",111456670,"Yale University","","https://www.aeaweb.org/joe/listing.php?JOE_ID=2016-02_111456670",2016-11-27
"211",111456348,"Binghamton University","Microeconomics; Behavioral Economics; Behavioral Finance; Game Theory; Industrial Organization; Information, Risk, and Uncertainty","https://www.aeaweb.org/joe/listing.php?JOE_ID=2016-02_111456348",2016-11-28
"212",111455956,"Charles River Associates","","https://www.aeaweb.org/joe/listing.php?JOE_ID=2016-02_111455956",2016-11-28
"213",111455849,"Federal Reserve Bank of New York","","https://www.aeaweb.org/joe/listing.php?JOE_ID=2016-02_111455849",2016-11-28
"214",111456010,"Federal Reserve Board","B - History of Economic Thought, Methodology, and Heterodox Approaches
C - Mathematical and Quantitative Methods
D - Microeconomics
E - Macroeconomics and Monetary Economics
F - International Economics
G - Financial Economics
H - Public Economics
I - Health, Education, and Welfare
J - Labor and Demographic Economics
K - Law and Economics
L - Industrial Organization
N - Economic History
O - Economic Development, Innovation, Technological Change, and Growth
Q - Agricultural and Natural Resource Economics
R - Urban, Rural, Regional, Real Estate, and Transportation Economics","https://www.aeaweb.org/joe/listing.php?JOE_ID=2016-02_111456010",2016-11-28
"215",111456606,"Johns Hopkins Carey Business School","Finance faculty","https://www.aeaweb.org/joe/listing.php?JOE_ID=2016-02_111456606",2016-11-28
"216",111456579,"San Jose State University","Applied Microeconomics
Economic History
Labor Economics
Public Policy
Law and Economics","https://www.aeaweb.org/joe/listing.php?JOE_ID=2016-02_111456579",2016-11-28
"217",111456534,"U.S. Department of Treasury, Office of Financial Research","Economist, Financial Economist, Economics, Finance, Banking, Financial Institutions, Industrial Organization, Market Structure, Macroeconomics, Monetary Policy, Market Microstructure","https://www.aeaweb.org/joe/listing.php?JOE_ID=2016-02_111456534",2016-11-28
"218",111455946,"University of California, Davis","International Migration","https://www.aeaweb.org/joe/listing.php?JOE_ID=2016-02_111455946",2016-11-28
"219",111455996,"University of California, Santa Cruz","international trade
applied microeconomics
development","https://www.aeaweb.org/joe/listing.php?JOE_ID=2016-02_111455996",2016-11-28
"220",111455957,"University of Chicago ","Behavioral Economics","https://www.aeaweb.org/joe/listing.php?JOE_ID=2016-02_111455957",2016-11-28
"221",111456730,"Abt Associates","Environmental Economics, Agriculture, Ecological Economics, Natural Resources","https://www.aeaweb.org/joe/listing.php?JOE_ID=2016-02_111456730",2016-11-30
"222",111456678,"Airbnb","","https://www.aeaweb.org/joe/listing.php?JOE_ID=2016-02_111456678",2016-11-30
"223",111456370,"Berkeley Research Group","Economic Modeling
SAS
STATA
Quantitative
Labor Economics","https://www.aeaweb.org/joe/listing.php?JOE_ID=2016-02_111456370",2016-11-30
"224",111456519,"Boston College","Applied Micro
Industrial Organization
Labor Economics
Health Economics
Economics of Education","https://www.aeaweb.org/joe/listing.php?JOE_ID=2016-02_111456519",2016-11-30
"225",111456631,"Columbia Univeristy","","https://www.aeaweb.org/joe/listing.php?JOE_ID=2016-02_111456631",2016-11-30
"226",111456122,"Cornell University","","https://www.aeaweb.org/joe/listing.php?JOE_ID=2016-02_111456122",2016-11-30
"227",111456408,"Deloitte","Transfer Pricing","https://www.aeaweb.org/joe/listing.php?JOE_ID=2016-02_111456408",2016-11-30
"228",111456186,"Duke University","","https://www.aeaweb.org/joe/listing.php?JOE_ID=2016-02_111456186",2016-11-30
"229",111456211,"Federal Reserve Bank of St. Louis","","https://www.aeaweb.org/joe/listing.php?JOE_ID=2016-02_111456211",2016-11-30
"230",111456736,"Lafayette College","Experimental Economics
Behavioral Economics","https://www.aeaweb.org/joe/listing.php?JOE_ID=2016-02_111456736",2016-11-30
"231",111456482,"Muhlenberg College","Macroeconomics and Finance","https://www.aeaweb.org/joe/listing.php?JOE_ID=2016-02_111456482",2016-11-30
"232",111456401,"NERA Economic Consulting","Economic Consulting","https://www.aeaweb.org/joe/listing.php?JOE_ID=2016-02_111456401",2016-11-30
"233",111456554,"Pennsylvania State University","Ethics","https://www.aeaweb.org/joe/listing.php?JOE_ID=2016-02_111456554",2016-11-30
"234",111456305,"Stanford Graduate School of Business","","https://www.aeaweb.org/joe/listing.php?JOE_ID=2016-02_111456305",2016-11-30
"235",111455786,"Stanford Graduate School of Business","Finance
Stanford Graduate School of Business","https://www.aeaweb.org/joe/listing.php?JOE_ID=2016-02_111455786",2016-11-30
"236",111455991,"Stanford Graduate School of Business","Political Economy","https://www.aeaweb.org/joe/listing.php?JOE_ID=2016-02_111455991",2016-11-30
"237",111456354,"Texas Christian University","General Economics
Instructor of Economics
Texas Christian University
Liberal arts
Heterodox economics","https://www.aeaweb.org/joe/listing.php?JOE_ID=2016-02_111456354",2016-11-30
"238",111456575,"The Federal Reserve Bank of Cleveland","Financial Economics","https://www.aeaweb.org/joe/listing.php?JOE_ID=2016-02_111456575",2016-11-30
"239",111456052,"Towson University","Industrial Organization","https://www.aeaweb.org/joe/listing.php?JOE_ID=2016-02_111456052",2016-11-30
"240",111456722,"University of British Columbia","Instructor
tenure-track instructor
Vancouver School of Economics
University of British Columbia
pedagogy
curriculum development
educational leadership","https://www.aeaweb.org/joe/listing.php?JOE_ID=2016-02_111456722",2016-11-30
"241",111456560,"University of Maryland","","https://www.aeaweb.org/joe/listing.php?JOE_ID=2016-02_111456560",2016-11-30
"242",111456515,"University of Toronto, Mississauga","Marketing","https://www.aeaweb.org/joe/listing.php?JOE_ID=2016-02_111456515",2016-11-30
"243",111456078,"University of Victoria","","https://www.aeaweb.org/joe/listing.php?JOE_ID=2016-02_111456078",2016-11-30
"244",111455967,"Utah State University","Any field of microeconomics with focus by applicant on policy-related research.","https://www.aeaweb.org/joe/listing.php?JOE_ID=2016-02_111455967",2016-11-30
"245",111456701,"Yale School of Management","Finance","https://www.aeaweb.org/joe/listing.php?JOE_ID=2016-02_111456701",2016-11-30
"246",111456259,"York University","Economics
Microeconomics
Applied Microeconomics
Macroeconomics
Empirical Macroeconomics","https://www.aeaweb.org/joe/listing.php?JOE_ID=2016-02_111456259",2016-11-30
"247",111456179,"Analysis Group","Microeconomics
Financial Economics
Health Economics
Law and Economics
Energy
Industrial Organization
Consulting
Empirical","https://www.aeaweb.org/joe/listing.php?JOE_ID=2016-02_111456179",2016-12-01
"248",111456145,"Banco de Mexico","Financial Stability. Systemic Risk. Macroprudential Policy. Financial Regulation. Financial Institutions and Markets.  Financial Contagion and Crises. Mathematical and Simulation Modeling. Data Collection and Estimation Methodology. Etc. ","https://www.aeaweb.org/joe/listing.php?JOE_ID=2016-02_111456145",2016-12-01
"249",111456210,"Bureau of Economic Analysis","","https://www.aeaweb.org/joe/listing.php?JOE_ID=2016-02_111456210",2016-12-01
"250",111455614,"California State University, East Bay","","https://www.aeaweb.org/joe/listing.php?JOE_ID=2016-02_111455614",2016-12-01
"251",111456760,"Eastern Connecticut State University","Behavioral Economics
Experimental Economics
Sports Economics","https://www.aeaweb.org/joe/listing.php?JOE_ID=2016-02_111456760",2016-12-01
"252",111456174,"Federal Trade Commission","D0	Applied Microeconomic Analysis
L0	Industrial Organization
C1	Econometric and Statistical Methods
D1	Household Behavior and Family Economics
D8	Information, Knowledge, and Uncertainty 
H0	Public Finance 
I1	Health Economics
J0 	Labor Economics 
K0	Law and Economics","https://www.aeaweb.org/joe/listing.php?JOE_ID=2016-02_111456174",2016-12-01
"253",111455806,"Florida State University","","https://www.aeaweb.org/joe/listing.php?JOE_ID=2016-02_111455806",2016-12-01
"254",111456255,"Food and Drug Administration","Federal Government Economist","https://www.aeaweb.org/joe/listing.php?JOE_ID=2016-02_111456255",2016-12-01
"255",111455640,"Georgia Institute of Technology","Applied Microeconomics","https://www.aeaweb.org/joe/listing.php?JOE_ID=2016-02_111455640",2016-12-01
"256",111456098,"Giant Oak","Big Data
Quantitative Social Science
Applied Econometrics
Empirical Methods
Computational Social Science and Economics
Data Science
Causal Inference
Mathematical and Statistical Modelling
Computational Science and Engineering","https://www.aeaweb.org/joe/listing.php?JOE_ID=2016-02_111456098",2016-12-01
"257",111456594,"Hampden-Sydney College","A-General Economics
F-International Economics","https://www.aeaweb.org/joe/listing.php?JOE_ID=2016-02_111456594",2016-12-01
"258",111455940,"Investment Company Institute Washington,DC","Keywords: Economist, Mutual Funds, Exchange-Traded Funds, Financial Markets, Retirement Market, Investor Behavior, Demographic Research, Household Behavior","https://www.aeaweb.org/joe/listing.php?JOE_ID=2016-02_111455940",2016-12-01
"259",111456532,"Keystone ","Technology
Intellectual Property
Antitrust
Trademark
Big data
Economic modeling
Econometric modeling
Career path
Academic experts","https://www.aeaweb.org/joe/listing.php?JOE_ID=2016-02_111456532",2016-12-01
"260",111455938,"Lake Forest College","Finance","https://www.aeaweb.org/joe/listing.php?JOE_ID=2016-02_111455938",2016-12-01
"261",111456533,"Mathematica Policy Research","","https://www.aeaweb.org/joe/listing.php?JOE_ID=2016-02_111456533",2016-12-01
"262",111456130,"Microsoft","","https://www.aeaweb.org/joe/listing.php?JOE_ID=2016-02_111456130",2016-12-01
"263",111456296,"New York University","","https://www.aeaweb.org/joe/listing.php?JOE_ID=2016-02_111456296",2016-12-01
"264",111455976,"North Central College","","https://www.aeaweb.org/joe/listing.php?JOE_ID=2016-02_111455976",2016-12-01
"265",111456016,"Pomona College","","https://www.aeaweb.org/joe/listing.php?JOE_ID=2016-02_111456016",2016-12-01
"266",111455982,"Princeton University","Any Field","https://www.aeaweb.org/joe/listing.php?JOE_ID=2016-02_111455982",2016-12-01
"267",111456750,"St. Lawrence University","Macroeconomics 
Microeconomics
Quantitative Methods","https://www.aeaweb.org/joe/listing.php?JOE_ID=2016-02_111456750",2016-12-01
"268",111456069,"The Brattle Group","industrial organization, finance, energy, operations research, microeconomics","https://www.aeaweb.org/joe/listing.php?JOE_ID=2016-02_111456069",2016-12-01
"269",111456459,"The Catholic University of America","Economic Development 
Experimental Economics 
Applied Econometrics
","https://www.aeaweb.org/joe/listing.php?JOE_ID=2016-02_111456459",2016-12-01
"270",111455992,"University of California, Santa Cruz","applied econometrics
econometrics","https://www.aeaweb.org/joe/listing.php?JOE_ID=2016-02_111455992",2016-12-01
"271",111456442,"University of Idaho","","https://www.aeaweb.org/joe/listing.php?JOE_ID=2016-02_111456442",2016-12-01
"272",111455754,"University of Maryland","","https://www.aeaweb.org/joe/listing.php?JOE_ID=2016-02_111455754",2016-12-01
"273",111456275,"University of Massachusetts Amherst","Economic theory
Applied fields in economics","https://www.aeaweb.org/joe/listing.php?JOE_ID=2016-02_111456275",2016-12-01
"274",111456406,"University of Memphis","Applied Microeconomics
Public Economics
Urban Economics","https://www.aeaweb.org/joe/listing.php?JOE_ID=2016-02_111456406",2016-12-01
"275",111456551,"University of Montreal","","https://www.aeaweb.org/joe/listing.php?JOE_ID=2016-02_111456551",2016-12-01
"276",111456277,"University of Nevada, Las Vegas","","https://www.aeaweb.org/joe/listing.php?JOE_ID=2016-02_111456277",2016-12-01
"277",111456178,"University of Oklahoma","","https://www.aeaweb.org/joe/listing.php?JOE_ID=2016-02_111456178",2016-12-01
"278",111456603,"University of Pennsylvania ","","https://www.aeaweb.org/joe/listing.php?JOE_ID=2016-02_111456603",2016-12-01
"279",111456500,"University of Wisconsin-Superior","Economics","https://www.aeaweb.org/joe/listing.php?JOE_ID=2016-02_111456500",2016-12-01
"280",111456672,"Yale School of Management","Marketing","https://www.aeaweb.org/joe/listing.php?JOE_ID=2016-02_111456672",2016-12-01
"281",111456535,"AQR Capital Management","","https://www.aeaweb.org/joe/listing.php?JOE_ID=2016-02_111456535",2016-12-02
"282",111456298,"Clemson University","","https://www.aeaweb.org/joe/listing.php?JOE_ID=2016-02_111456298",2016-12-02
"283",111456115,"Federal Reserve Bank of Philadelphia","","https://www.aeaweb.org/joe/listing.php?JOE_ID=2016-02_111456115",2016-12-02
"284",111456366,"Government Accountability Office","C Quantitative Methods
D Microeconomics
F International Economics
G Finance
H Public Economics
I Health, Education, and Welfare
J Labor and Demographics
L Industrial Organization
O Economic Development
Q Agricultural and Natural Resources, Environment
R Transportation
","https://www.aeaweb.org/joe/listing.php?JOE_ID=2016-02_111456366",2016-12-02
"285",111455834,"University of Pennsylvnaia","","https://www.aeaweb.org/joe/listing.php?JOE_ID=2016-02_111455834",2016-12-02
"286",111455990,"University of California, San Diego","Behavioral/Experimental Economics
Development Economics
Econometrics
Environmental and Resource Economics
Finance
Health Economics
Industrial Organization
International Economics
Labor Economics
Law & Economics
Macroeconomics
Microeconomic Theory
Public Economics","https://www.aeaweb.org/joe/listing.php?JOE_ID=2016-02_111455990",2016-12-05
"287",111456190,"University of Illinois at Urbana-Champaign","Applied and Core Economics","https://www.aeaweb.org/joe/listing.php?JOE_ID=2016-02_111456190",2016-12-05
"288",111456215,"Howard University","International Economics
Microeconomics
Urban Economics
Health Economics
Environmental Economics","https://www.aeaweb.org/joe/listing.php?JOE_ID=2016-02_111456215",2016-12-08
"289",111456163,"Stanford University","Assistant Professor
Stanford University
Stanford
Lateral Appointment
Tenure Track
All Fields","https://www.aeaweb.org/joe/listing.php?JOE_ID=2016-02_111456163",2016-12-09
"290",111456207,"University of Maryland","environmental economics
climate change
energy
applied econometrics","https://www.aeaweb.org/joe/listing.php?JOE_ID=2016-02_111456207",2016-12-09
"291",111455966,"University of Pennsylvania","Corporate Finance, Investments, Macro Economics, financial research, doctoral teaching","https://www.aeaweb.org/joe/listing.php?JOE_ID=2016-02_111455966",2016-12-09
"292",111456228,"Federal Deposit Insurance Corporation (FDIC)","Financial Economists
Risk Analysis
Economics
Banking
Finance
Research","https://www.aeaweb.org/joe/listing.php?JOE_ID=2016-02_111456228",2016-12-11
"293",111456739,"Ryerson University","","https://www.aeaweb.org/joe/listing.php?JOE_ID=2016-02_111456739",2016-12-11
"294",111456141,"Digonex Technologies","Applied Microeconomics, Econometrics, Statistics, Pricing, Machine Learning, Dynamic Pricing, Revenue Management, Marketing, Operations Research","https://www.aeaweb.org/joe/listing.php?JOE_ID=2016-02_111456141",2016-12-12
"295",111456504,"Eastern Michigan University","","https://www.aeaweb.org/joe/listing.php?JOE_ID=2016-02_111456504",2016-12-15
"296",111456464,"Food and Drug Administration","Health Economics
Prescription Drugs
Healthcare Policy
Pharmaceutical Economics
Pharmacoeconomics","https://www.aeaweb.org/joe/listing.php?JOE_ID=2016-02_111456464",2016-12-15
"297",111456751,"Freddie Mac","","https://www.aeaweb.org/joe/listing.php?JOE_ID=2016-02_111456751",2016-12-15
"298",111456094,"Harvard University","assistant
associate
faculty
instructor
tenure track
Boston
Cambridge
Massachusetts
MA
Northeast
New England","https://www.aeaweb.org/joe/listing.php?JOE_ID=2016-02_111456094",2016-12-15
"299",111456746,"Johns Hopkins University SAIS","Economic Development
Development Economics
Microeconomic Development
Macroeconomic Development","https://www.aeaweb.org/joe/listing.php?JOE_ID=2016-02_111456746",2016-12-15
"300",111455716,"Kelley School of Business, Indiana Unversity","applied industrial organization theory
applied microeconomic theory","https://www.aeaweb.org/joe/listing.php?JOE_ID=2016-02_111455716",2016-12-15
"301",111455870,"North Carolina State University","Econometrics","https://www.aeaweb.org/joe/listing.php?JOE_ID=2016-02_111455870",2016-12-15
"302",111456469,"The University of Michigan","","https://www.aeaweb.org/joe/listing.php?JOE_ID=2016-02_111456469",2016-12-15
"303",111456126,"American Institutes for Research","Development 
International","https://www.aeaweb.org/joe/listing.php?JOE_ID=2016-02_111456126",2016-12-16
"304",111456125,"American Institutes for Research","Health Economics
Economics of Education
Policy","https://www.aeaweb.org/joe/listing.php?JOE_ID=2016-02_111456125",2016-12-16
"305",111456315,"Department of Justice","","https://www.aeaweb.org/joe/listing.php?JOE_ID=2016-02_111456315",2016-12-16
"306",111455765,"Indiana University","econometrics
micro economics
non tenure track","https://www.aeaweb.org/joe/listing.php?JOE_ID=2016-02_111455765",2016-12-20
"307",111456263,"Institute for Defense Analyses (IDA)","labor economics
public health economics
industrial organization
mechanism design
applied economics

","https://www.aeaweb.org/joe/listing.php?JOE_ID=2016-02_111456263",2016-12-23
"308",111456629,"RTI International","Health Economics
Health Care Financing
health Care Payment
Health Policy
Program Evaluation","https://www.aeaweb.org/joe/listing.php?JOE_ID=2016-02_111456629",2016-12-23
"309",111456582,"Navigant Consulting"," PhD, ABD, Qualitative, Econometric Analysis, Modeling, Statistical Analysis, SAS,
STATA, R
","https://www.aeaweb.org/joe/listing.php?JOE_ID=2016-02_111456582",2016-12-30
"310",111456584,"Navigant Consulting","PhD, ABD, Qualitative, Econometric Analysis, Modeling, Statistical Analysis, SAS,
STATA, R
","https://www.aeaweb.org/joe/listing.php?JOE_ID=2016-02_111456584",2016-12-30
"311",111455907,"Samford University","statistics
data analytics
informatics
quantitative methods","https://www.aeaweb.org/joe/listing.php?JOE_ID=2016-02_111455907",2016-12-31
"312",111456571,"Northwestern University","","https://www.aeaweb.org/joe/listing.php?JOE_ID=2016-02_111456571",2017-01-01
"313",111456622,"University of California, Los Angeles","Any Field","https://www.aeaweb.org/joe/listing.php?JOE_ID=2016-02_111456622",2017-01-01
"314",111456033,"New York University","urban planning
environmental planning
ecosystems management
geography
public policy
political science
sociology
economics","https://www.aeaweb.org/joe/listing.php?JOE_ID=2016-02_111456033",2017-01-08
"315",111455929,"University of Minnesota","Open Field","https://www.aeaweb.org/joe/listing.php?JOE_ID=2016-02_111455929",2017-01-13
"316",111456449,"Boston University","Theory
Econometrics","https://www.aeaweb.org/joe/listing.php?JOE_ID=2016-02_111456449",2017-01-15
"317",111456728,"Boston University","health economics
energy economics
law and economics
innovation
regulation and industrial organization
labor/organizational economics
behavioral economics","https://www.aeaweb.org/joe/listing.php?JOE_ID=2016-02_111456728",2017-01-15
"318",111456185,"Federal Communications Commission","Applied Microeconomics
Industrial Organization
Applied Econometrics","https://www.aeaweb.org/joe/listing.php?JOE_ID=2016-02_111456185",2017-01-23
"319",111455819,"AACG â Advanced Analytical Consulting Group","Consulting
Antitrust
Healthcare
Labor, Employment, Discrimination
Statistics
Econometrics
Intellectual Property
Patent
Retirement, Pensions, Annuities
Telecommunication","https://www.aeaweb.org/joe/listing.php?JOE_ID=2016-02_111455819",2017-01-31
"320",111456675,"Acumen, LLC","","https://www.aeaweb.org/joe/listing.php?JOE_ID=2016-02_111456675",2017-01-31
"321",111456170,"American Institute for Economic Research","personal finance
business cycles
behavioral economics
financial markets
monetary policy
central bank
fiscal policy
public debt
budget deficit
regulation","https://www.aeaweb.org/joe/listing.php?JOE_ID=2016-02_111456170",2017-01-31
"322",111456643,"Bucknell University","","https://www.aeaweb.org/joe/listing.php?JOE_ID=2016-02_111456643",2017-01-31
"323",111455924,"Citi","","https://www.aeaweb.org/joe/listing.php?JOE_ID=2016-02_111455924",2017-01-31
"324",111456764,"CNA","","https://www.aeaweb.org/joe/listing.php?JOE_ID=2016-02_111456764",2017-01-31
"325",111456505,"Cornerstone Research","","https://www.aeaweb.org/joe/listing.php?JOE_ID=2016-02_111456505",2017-01-31
"326",111456506,"Cornerstone Research","","https://www.aeaweb.org/joe/listing.php?JOE_ID=2016-02_111456506",2017-01-31
"327",111456339,"CUNY-City College of NY","Assistant, Associate or Full Professor - Economics & Business (Management)","https://www.aeaweb.org/joe/listing.php?JOE_ID=2016-02_111456339",2017-01-31
"328",111454169,"Deloitte","Transfer Pricing","https://www.aeaweb.org/joe/listing.php?JOE_ID=2016-02_111454169",2017-01-31
"329",111456029,"Duff & Phelps","Transfer Pricing
Finance
Analysis
International Tax","https://www.aeaweb.org/joe/listing.php?JOE_ID=2016-02_111456029",2017-01-31
"330",111455923,"Federal Reserve Bank of Chicago","Credit Risk Management
Banking Regulatory Policy
Central Banking
Wholesale Lending
Loss Modeling
Forecasting","https://www.aeaweb.org/joe/listing.php?JOE_ID=2016-02_111455923",2017-01-31
"331",111456821,"JP Morgan","","https://www.aeaweb.org/joe/listing.php?JOE_ID=2016-02_111456821",2017-01-31
"332",111456204,"JPMorgan Chase & Co.","Econometrics
Statistics
Time series
Panel data
Forecasting
Finance
Banking
CCAR
Applied macroeconomics
Applied microeconomics
Data science","https://www.aeaweb.org/joe/listing.php?JOE_ID=2016-02_111456204",2017-01-31
"333",111455825,"Montclair State University","Macroeconomics","https://www.aeaweb.org/joe/listing.php?JOE_ID=2016-02_111455825",2017-01-31
"334",111456700,"National Institute of Standards and Technology, U.S. Department of Commerce","","https://www.aeaweb.org/joe/listing.php?JOE_ID=2016-02_111456700",2017-01-31
"335",111455917,"NERA","Industrial Organization 
 Applied Econometrics 
 Applied Microeconomics 
 Economics","https://www.aeaweb.org/joe/listing.php?JOE_ID=2016-02_111455917",2017-01-31
"336",111455872,"Office of Financial Research	","Financial Economics
Macroeconomics
Risk Management
Econometrics
Financial Institutions
Banking
Market Microstructure
Regulation and Supervision
","https://www.aeaweb.org/joe/listing.php?JOE_ID=2016-02_111455872",2017-01-31
"337",111456368,"Office of the Comptroller of the Currency (OCC)","Microeconomics
Labor Economics
Econometrics
Regional /Urban Economics
Industrial Organization
Consumer Finance","https://www.aeaweb.org/joe/listing.php?JOE_ID=2016-02_111456368",2017-01-31
"338",111455922,"Office of the Comptroller of the Currency (OCC)","Quantitative Finance, Derivatives, Risk Management, Econometric Methods and Modeling, General Financial Markets, Financial Institutions and Services ","https://www.aeaweb.org/joe/listing.php?JOE_ID=2016-02_111455922",2017-01-31
"339",111456161,"St. Olaf College","law and economics","https://www.aeaweb.org/joe/listing.php?JOE_ID=2016-02_111456161",2017-01-31
"340",111456212,"The Wharton School, University of Pennsylvania","Health Care Management
Economics
Finance","https://www.aeaweb.org/joe/listing.php?JOE_ID=2016-02_111456212",2017-01-31
"341",111456184,"U.S. Department of State","International Economics
Macroeconomics
International Finance
Quantitative Methods
Statistics
Development
Microeconomics
Environmental Economics
International Trade","https://www.aeaweb.org/joe/listing.php?JOE_ID=2016-02_111456184",2017-01-31
"342",111456497,"Uber","Time Series Econometrics
Econometric Theory
Spatial Statistics
Data Science
Applied Micro
Experimental Design","https://www.aeaweb.org/joe/listing.php?JOE_ID=2016-02_111456497",2017-01-31
"343",111455891,"UC San Diego ","Public policy, American politics, comparative politics, international relations.","https://www.aeaweb.org/joe/listing.php?JOE_ID=2016-02_111455891",2017-01-31
"344",111456559,"Universidad de Guanajuato","tenure-track
assistant professor
economics
development economics
economic development
all fields
econometrics
bayesian econometrics
economic history
environmental economics
health economics
education economics
finance
mathematical economics
economic history
moral philosophy
ethics
complex adaptive systems
agent based models
evolutionary economics
implementation theory
experimental economics","https://www.aeaweb.org/joe/listing.php?JOE_ID=2016-02_111456559",2017-01-31
"345",111455769,"University of Notre Dame","","https://www.aeaweb.org/joe/listing.php?JOE_ID=2016-02_111455769",2017-01-31
"346",111455773,"University of Notre Dame","","https://www.aeaweb.org/joe/listing.php?JOE_ID=2016-02_111455773",2017-01-31
"347",111455684,"University of Pennsylvania","real estate, applied economics, finance, law","https://www.aeaweb.org/joe/listing.php?JOE_ID=2016-02_111455684",2017-01-31
"348",111456525,"University of Rochester","","https://www.aeaweb.org/joe/listing.php?JOE_ID=2016-02_111456525",2017-01-31
"349",111455479,"University of Utah","Health Economics
Health Policy","https://www.aeaweb.org/joe/listing.php?JOE_ID=2016-02_111455479",2017-01-31
"350",111456694,"W.E. Upjohn Institute for Employment Research","Labor Economics
Urban/regional economics
Health economics
Education economics","https://www.aeaweb.org/joe/listing.php?JOE_ID=2016-02_111456694",2017-01-31
"351",111456244,"Pennsylvania State University","","https://www.aeaweb.org/joe/listing.php?JOE_ID=2016-02_111456244",2017-02-02
"352",111456646,"Stanford School of Medicine","health economics
health services research
economics
outcomes research
health policy
health
research
comparative effective analysis
public health
public health policy
public health law
U.S. health policy
economics
health services","https://www.aeaweb.org/joe/listing.php?JOE_ID=2016-02_111456646",2017-02-28
"353",111455873,"University of Virginia","Macroeconomics","https://www.aeaweb.org/joe/listing.php?JOE_ID=2016-02_111455873",2017-03-31
"354",111455885,"University of Virginia","","https://www.aeaweb.org/joe/listing.php?JOE_ID=2016-02_111455885",2017-03-31
"355",111456453,"Louisiana State University","Econometrics","https://www.aeaweb.org/joe/listing.php?JOE_ID=2016-02_111456453",2017-09-01
"356",111456119,"Vanderbilt University","Econometrics","https://www.aeaweb.org/joe/listing.php?JOE_ID=2016-02_111456119",2017-11-20
